Wk,Day,Date,Time,Home,Score,Away,Attendance,Venue,Referee,Match Report,Notes
1,Fri,2021-06-11,21:00 ,Türkiye tr,0–3,it Italy,"12,916",Stadio Olimpico (Neutral Site),Danny Makkelie,Match Report,
1,Sat,2021-06-12,17:00 ,Wales wls,1–1,ch Switzerland,"8,782",Bakı Olimpiya Stadionu (Neutral Site),Clément Turpin,Match Report,
1,Sat,2021-06-12,18:00 ,Denmark dk,0–1,fi Finland,"13,790",Parken (Neutral Site),Anthony Taylor,Match Report,
1,Sat,2021-06-12,22:00 ,Belgium be,3–0,ru Russia,"26,264",Gazprom Arena (Neutral Site),Antonio Matéu Lahoz,Match Report,
1,Sun,2021-06-13,14:00 ,England eng,1–0,hr Croatia,"18,497",Wembley Stadium (Neutral Site),Daniele Orsato,Match Report,
1,Sun,2021-06-13,19:00 ,Austria at,3–1,mk N. Macedonia,"9,082",Arena Naţională (Neutral Site),Andreas Ekberg,Match Report,
1,Sun,2021-06-13,21:00 ,Netherlands nl,3–2,ua Ukraine,"15,837",Johan Cruyff ArenA (Neutral Site),Felix Brych,Match Report,
1,Mon,2021-06-14,14:00 ,Scotland sct,0–2,cz Czechia,"9,847",Hampden Park (Neutral Site),Daniel Siebert,Match Report,
1,Mon,2021-06-14,17:00 ,Poland pl,1–2,sk Slovakia,"12,862",Gazprom Arena (Neutral Site),Ovidiu Hațegan,Match Report,
1,Mon,2021-06-14,21:00 ,Spain es,0–0,se Sweden,"10,559",Estadio La Cartuja de Sevilla (Neutral Site),Slavko Vinčič,Match Report,
1,Tue,2021-06-15,18:00 ,Hungary hu,0–3,pt Portugal,"55,662",Puskás Aréna (Neutral Site),Cüneyt Çakιr,Match Report,
1,Tue,2021-06-15,21:00 ,France fr,1–0,de Germany,"13,000",Allianz Arena (Neutral Site),Carlos del Cerro,Match Report,
,,,,,,,,,,,
2,Wed,2021-06-16,16:00 ,Finland fi,0–1,ru Russia,"24,540",Gazprom Arena (Neutral Site),Danny Makkelie,Match Report,
2,Wed,2021-06-16,20:00 ,Türkiye tr,0–2,wls Wales,"19,762",Bakı Olimpiya Stadionu (Neutral Site),Artur Soares Dias,Match Report,
2,Wed,2021-06-16,21:00 ,Italy it,3–0,ch Switzerland,"12,445",Stadio Olimpico (Neutral Site),Sergey Karasev,Match Report,
2,Thu,2021-06-17,16:00 ,Ukraine ua,2–1,mk N. Macedonia,"10,001",Arena Naţională (Neutral Site),Fernando Rapallini,Match Report,
2,Thu,2021-06-17,18:00 ,Denmark dk,1–2,be Belgium,"23,395",Parken (Neutral Site),Björn Kuipers,Match Report,
2,Thu,2021-06-17,21:00 ,Netherlands nl,2–0,at Austria,"15,243",Johan Cruyff ArenA (Neutral Site),Orel Grinfeeld,Match Report,
2,Fri,2021-06-18,14:00 ,Sweden se,1–0,sk Slovakia,"11,525",Gazprom Arena (Neutral Site),Daniel Siebert,Match Report,
2,Fri,2021-06-18,17:00 ,Croatia hr,1–1,cz Czechia,"5,607",Hampden Park (Neutral Site),Carlos del Cerro,Match Report,
2,Fri,2021-06-18,20:00 ,England eng,0–0,sct Scotland,"20,306",Wembley Stadium (Neutral Site),Antonio Matéu Lahoz,Match Report,
2,Sat,2021-06-19,15:00 ,Hungary hu,1–1,fr France,"55,998",Puskás Aréna (Neutral Site),Michael Oliver,Match Report,
2,Sat,2021-06-19,18:00 ,Portugal pt,2–4,de Germany,"12,926",Allianz Arena (Neutral Site),Anthony Taylor,Match Report,
2,Sat,2021-06-19,21:00 ,Spain es,1–1,pl Poland,"11,742",Estadio La Cartuja de Sevilla (Neutral Site),Daniele Orsato,Match Report,
,,,,,,,,,,,
3,Sun,2021-06-20,18:00 ,Italy it,1–0,wls Wales,"11,541",Stadio Olimpico (Neutral Site),Ovidiu Hațegan,Match Report,
3,Sun,2021-06-20,20:00 ,Switzerland ch,3–1,tr Türkiye,"17,138",Bakı Olimpiya Stadionu (Neutral Site),Slavko Vinčič,Match Report,
3,Mon,2021-06-21,18:00 ,N. Macedonia mk,0–3,nl Netherlands,"15,227",Johan Cruyff ArenA (Neutral Site),István Kovács,Match Report,
3,Mon,2021-06-21,19:00 ,Ukraine ua,0–1,at Austria,"10,472",Arena Naţională (Neutral Site),Cüneyt Çakιr,Match Report,
3,Mon,2021-06-21,21:00 ,Russia ru,1–4,dk Denmark,"23,644",Parken (Neutral Site),Clément Turpin,Match Report,
3,Mon,2021-06-21,22:00 ,Finland fi,0–2,be Belgium,"18,545",Gazprom Arena (Neutral Site),Felix Brych,Match Report,
3,Tue,2021-06-22,20:00 ,Croatia hr,3–1,sct Scotland,"9,896",Hampden Park (Neutral Site),Fernando Rapallini,Match Report,
3,Tue,2021-06-22,20:00 ,Czechia cz,0–1,eng England,"19,104",Wembley Stadium (Neutral Site),Artur Soares Dias,Match Report,
3,Wed,2021-06-23,17:00 ,Sweden se,3–2,pl Poland,"14,252",Gazprom Arena (Neutral Site),Michael Oliver,Match Report,
3,Wed,2021-06-23,18:00 ,Slovakia sk,0–5,es Spain,"11,204",Estadio La Cartuja de Sevilla (Neutral Site),Björn Kuipers,Match Report,
3,Wed,2021-06-23,21:00 ,Portugal pt,2–2,fr France,"54,886",Puskás Aréna (Neutral Site),Antonio Matéu Lahoz,Match Report,
3,Wed,2021-06-23,21:00 ,Germany de,2–2,hu Hungary,"12,413",Allianz Arena (Neutral Site),Sergey Karasev,Match Report,
,,,,,,,,,,,
,Sat,2021-06-26,18:00 ,Wales wls,0–4,dk Denmark,"14,645",Johan Cruyff ArenA (Neutral Site),Daniel Siebert,Match Report,
,Sat,2021-06-26,20:00 ,Italy it,2–1,at Austria,"18,910",Wembley Stadium (Neutral Site),Anthony Taylor,Match Report,Required Extra Time
,Sun,2021-06-27,18:00 ,Netherlands nl,0–2,cz Czechia,"52,834",Puskás Aréna (Neutral Site),Sergey Karasev,Match Report,
,Sun,2021-06-27,21:00 ,Belgium be,1–0,pt Portugal,"11,504",Estadio La Cartuja de Sevilla (Neutral Site),Felix Brych,Match Report,
,Mon,2021-06-28,18:00 ,Croatia hr,3–5,es Spain,"22,771",Parken (Neutral Site),Cüneyt Çakιr,Match Report,Required Extra Time
,Mon,2021-06-28,22:00 ,France fr,(4) 3–3 (5),ch Switzerland,"22,642",Arena Naţională (Neutral Site),Fernando Rapallini,Match Report,Switzerland won on penalty kicks following extra time
,Tue,2021-06-29,17:00 ,England eng,2–0,de Germany,"41,973",Wembley Stadium (Neutral Site),Danny Makkelie,Match Report,
,Tue,2021-06-29,20:00 ,Sweden se,1–2,ua Ukraine,"9,221",Hampden Park (Neutral Site),Daniele Orsato,Match Report,Required Extra Time
,Fri,2021-07-02,19:00 ,Switzerland ch,(1) 1–1 (3),es Spain,"24,764",Gazprom Arena,Michael Oliver,Match Report,Spain won on penalty kicks following extra time
,Fri,2021-07-02,21:00 ,Belgium be,1–2,it Italy,"12,984",Allianz Arena,Slavko Vinčič,Match Report,
,Sat,2021-07-03,20:00 ,Czechia cz,1–2,dk Denmark,"16,306",Bakı Olimpiya Stadionu,Björn Kuipers,Match Report,
,Sat,2021-07-03,21:00 ,Ukraine ua,0–4,eng England,"11,880",Stadio Olimpico,Felix Brych,Match Report,
,Tue,2021-07-06,20:00 ,Italy it,(4) 1–1 (2),es Spain,"57,811",Wembley Stadium,Felix Brych,Match Report,Italy won on penalty kicks following extra time
,Wed,2021-07-07,20:00 ,England eng,2–1,dk Denmark,"64,950",Wembley Stadium,Danny Makkelie,Match Report,Required Extra Time
,Sun,2021-07-11,20:00 ,Italy it,(3) 1–1 (2),eng England,"67,173",Wembley Stadium (Neutral Site),Björn Kuipers,Match Report,
1,Fri,2016-06-10,21:00 ,France fr,2–1,ro Romania,"75,113",Stade de France,Viktor Kassai,Match Report,
1,Sat,2016-06-11,15:00 ,Albania al,0–1,ch Switzerland,"33,805",Stade Bollaert-Delelis (Neutral Site),Carlos Velasco,Match Report,
1,Sat,2016-06-11,18:00 ,Wales wls,2–1,sk Slovakia,"37,831",Stade Matmut-Atlantique (Neutral Site),Svein Oddvar Moen,Match Report,
1,Sat,2016-06-11,21:00 ,England eng,1–1,ru Russia,"62,343",Orange Vélodrome (Neutral Site),Nicola Rizzoli,Match Report,
1,Sun,2016-06-12,15:00 ,Türkiye tr,0–1,hr Croatia,"43,842",Parc des Princes (Neutral Site),Jonas Eriksson,Match Report,
1,Sun,2016-06-12,18:00 ,Poland pl,1–0,nir Northern Ireland,"33,742",Stade de Nice (Neutral Site),Ovidiu Hațegan,Match Report,
1,Sun,2016-06-12,21:00 ,Germany de,2–0,ua Ukraine,"43,035",Stade Pierre-Mauroy (Neutral Site),Martin Atkinson,Match Report,
1,Mon,2016-06-13,15:00 ,Spain es,1–0,cz Czechia,"29,400",Stadium Municipal (Neutral Site),Szymon Marciniak,Match Report,
1,Mon,2016-06-13,18:00 ,Rep. of Ireland ie,1–1,se Sweden,"73,419",Stade de France (Neutral Site),Milorad Mažić,Match Report,
1,Mon,2016-06-13,21:00 ,Belgium be,0–2,it Italy,"55,408",Groupama Stadium (Neutral Site),Mark Clattenburg,Match Report,
1,Tue,2016-06-14,18:00 ,Austria at,0–2,hu Hungary,"34,424",Stade Matmut-Atlantique (Neutral Site),Clément Turpin,Match Report,
1,Tue,2016-06-14,21:00 ,Portugal pt,1–1,is Iceland,"38,742",Stade Geoffroy-Guichard (Neutral Site),Cüneyt Çakιr,Match Report,
,,,,,,,,,,,
2,Wed,2016-06-15,15:00 ,Russia ru,1–2,sk Slovakia,"38,989",Stade Pierre-Mauroy (Neutral Site),Damir Skomina,Match Report,
2,Wed,2016-06-15,18:00 ,Romania ro,1–1,ch Switzerland,"43,576",Parc des Princes (Neutral Site),Sergey Karasev,Match Report,
2,Wed,2016-06-15,21:00 ,France fr,2–0,al Albania,"63,670",Orange Vélodrome,William Collum,Match Report,
2,Thu,2016-06-16,15:00 ,England eng,2–1,wls Wales,"34,033",Stade Bollaert-Delelis (Neutral Site),Felix Brych,Match Report,
2,Thu,2016-06-16,18:00 ,Ukraine ua,0–2,nir Northern Ireland,"51,043",Groupama Stadium (Neutral Site),Pavel Královec,Match Report,
2,Thu,2016-06-16,21:00 ,Germany de,0–0,pl Poland,"73,648",Stade de France (Neutral Site),Björn Kuipers,Match Report,
2,Fri,2016-06-17,15:00 ,Italy it,1–0,se Sweden,"29,600",Stadium Municipal (Neutral Site),Viktor Kassai,Match Report,
2,Fri,2016-06-17,18:00 ,Czechia cz,2–2,hr Croatia,"38,376",Stade Geoffroy-Guichard (Neutral Site),Mark Clattenburg,Match Report,
2,Fri,2016-06-17,21:00 ,Spain es,3–0,tr Türkiye,"33,409",Stade de Nice (Neutral Site),Milorad Mažić,Match Report,
2,Sat,2016-06-18,15:00 ,Belgium be,3–0,ie Rep. of Ireland,"39,493",Stade Matmut-Atlantique (Neutral Site),Cüneyt Çakιr,Match Report,
2,Sat,2016-06-18,18:00 ,Iceland is,1–1,hu Hungary,"60,842",Orange Vélodrome (Neutral Site),Sergey Karasev,Match Report,
2,Sat,2016-06-18,21:00 ,Portugal pt,0–0,at Austria,"44,291",Parc des Princes (Neutral Site),Nicola Rizzoli,Match Report,
,,,,,,,,,,,
3,Sun,2016-06-19,21:00 ,Switzerland ch,0–0,fr France,"45,616",Stade Pierre-Mauroy,Damir Skomina,Match Report,
3,Sun,2016-06-19,21:00 ,Romania ro,0–1,al Albania,"49,752",Groupama Stadium (Neutral Site),Pavel Královec,Match Report,
3,Mon,2016-06-20,21:00 ,Russia ru,0–3,wls Wales,"28,840",Stadium Municipal (Neutral Site),Jonas Eriksson,Match Report,
3,Mon,2016-06-20,21:00 ,Slovakia sk,0–0,eng England,"39,051",Stade Geoffroy-Guichard (Neutral Site),Carlos Velasco,Match Report,
3,Tue,2016-06-21,18:00 ,Ukraine ua,0–1,pl Poland,"58,874",Orange Vélodrome (Neutral Site),Svein Oddvar Moen,Match Report,
3,Tue,2016-06-21,18:00 ,Northern Ireland nir,0–1,de Germany,"44,125",Parc des Princes (Neutral Site),Clément Turpin,Match Report,
3,Tue,2016-06-21,21:00 ,Czechia cz,0–2,tr Türkiye,"32,836",Stade Bollaert-Delelis (Neutral Site),William Collum,Match Report,
3,Tue,2016-06-21,21:00 ,Croatia hr,2–1,es Spain,"37,245",Stade Matmut-Atlantique (Neutral Site),Björn Kuipers,Match Report,
3,Wed,2016-06-22,18:00 ,Hungary hu,3–3,pt Portugal,"55,514",Groupama Stadium (Neutral Site),Martin Atkinson,Match Report,
3,Wed,2016-06-22,18:00 ,Iceland is,2–1,at Austria,"55,514",Stade de France (Neutral Site),Szymon Marciniak,Match Report,
3,Wed,2016-06-22,21:00 ,Italy it,0–1,ie Rep. of Ireland,"44,268",Stade Pierre-Mauroy (Neutral Site),Ovidiu Hațegan,Match Report,
3,Wed,2016-06-22,21:00 ,Sweden se,0–1,be Belgium,"34,011",Stade de Nice (Neutral Site),Felix Brych,Match Report,
,,,,,,,,,,,
,Sat,2016-06-25,15:00 ,Switzerland ch,(4) 1–1 (5),pl Poland,"38,842",Stade Geoffroy-Guichard (Neutral Site),Mark Clattenburg,Match Report,Poland won on penalty kicks following extra time
,Sat,2016-06-25,18:00 ,Wales wls,1–0,nir Northern Ireland,"44,342",Parc des Princes (Neutral Site),Martin Atkinson,Match Report,
,Sat,2016-06-25,21:00 ,Croatia hr,0–1,pt Portugal,"33,523",Stade Bollaert-Delelis (Neutral Site),Carlos Velasco,Match Report,Required Extra Time
,Sun,2016-06-26,15:00 ,France fr,2–1,ie Rep. of Ireland,"56,279",Groupama Stadium,Nicola Rizzoli,Match Report,
,Sun,2016-06-26,18:00 ,Germany de,3–0,sk Slovakia,"44,312",Stade Pierre-Mauroy (Neutral Site),Szymon Marciniak,Match Report,
,Sun,2016-06-26,21:00 ,Hungary hu,0–4,be Belgium,"28,921",Stadium Municipal (Neutral Site),Milorad Mažić,Match Report,
,Mon,2016-06-27,18:00 ,Italy it,2–0,es Spain,"76,165",Stade de France (Neutral Site),Cüneyt Çakιr,Match Report,
,Mon,2016-06-27,21:00 ,England eng,1–2,is Iceland,"33,901",Stade de Nice (Neutral Site),Damir Skomina,Match Report,
,Thu,2016-06-30,21:00 ,Poland pl,(3) 1–1 (5),pt Portugal,"62,940",Orange Vélodrome (Neutral Site),Felix Brych,Match Report,Portugal won on penalty kicks following extra time
,Fri,2016-07-01,21:00 ,Wales wls,3–1,be Belgium,"45,936",Stade Pierre-Mauroy (Neutral Site),Damir Skomina,Match Report,
,Sat,2016-07-02,21:00 ,Germany de,(6) 1–1 (5),it Italy,"38,764",Stade Matmut-Atlantique (Neutral Site),Viktor Kassai,Match Report,Germany won on penalty kicks following extra time
,Sun,2016-07-03,21:00 ,France fr,5–2,is Iceland,"76,833",Stade de France,Björn Kuipers,Match Report,
,Wed,2016-07-06,21:00 ,Portugal pt,2–0,wls Wales,"55,679",Groupama Stadium (Neutral Site),Jonas Eriksson,Match Report,
,Thu,2016-07-07,21:00 ,Germany de,0–2,fr France,"64,078",Orange Vélodrome,Nicola Rizzoli,Match Report,
,Sun,2016-07-10,21:00 ,Portugal pt,1–0,fr France,"75,868",Stade de France,Mark Clattenburg,Match Report,Required Extra Time
1,Fri,2012-06-08,18:00 ,Poland pl,1–1,gr Greece,"56,070",Stadion Narodowy,Carlos Velasco,Match Report,
1,Fri,2012-06-08,20:45 ,Russia ru,4–1,cz Czechia,"40,803",Stadion Miejski,Howard Webb,Match Report,
1,Sat,2012-06-09,19:00 ,Netherlands nl,0–1,dk Denmark,"35,923",Oblasny SportKomplex Metalist,Damir Skomina,Match Report,
1,Sat,2012-06-09,21:45 ,Germany de,1–0,pt Portugal,"32,990",L'viv Arena,Stéphane Lannoy,Match Report,
1,Sun,2012-06-10,18:00 ,Spain es,1–1,it Italy,"38,869",Stadion Energa Gdańsk,Viktor Kassai,Match Report,
1,Sun,2012-06-10,20:45 ,Rep. of Ireland ie,1–3,hr Croatia,"39,550",INEA stadion,Björn Kuipers,Match Report,
1,Mon,2012-06-11,19:00 ,France fr,1–1,eng England,"47,400",Donbass Arena,Nicola Rizzoli,Match Report,
1,Mon,2012-06-11,21:45 ,Ukraine ua,2–1,se Sweden,"64,290",NSK Olimpijs'kyj,Cüneyt Çakιr,Match Report,
,,,,,,,,,,,
2,Tue,2012-06-12,18:00 ,Greece gr,1–2,cz Czechia,"41,105",Stadion Miejski,Stéphane Lannoy,Match Report,
2,Tue,2012-06-12,20:45 ,Poland pl,1–1,ru Russia,"55,920",Stadion Narodowy,Wolfgang Stark,Match Report,
2,Wed,2012-06-13,19:00 ,Denmark dk,2–3,pt Portugal,"31,840",L'viv Arena,Craig Thomson,Match Report,
2,Wed,2012-06-13,21:45 ,Netherlands nl,1–2,de Germany,"37,750",Oblasny SportKomplex Metalist,Jonas Eriksson,Match Report,
2,Thu,2012-06-14,18:00 ,Italy it,1–1,hr Croatia,"37,096",INEA stadion,Howard Webb,Match Report,
2,Thu,2012-06-14,20:45 ,Spain es,4–0,ie Rep. of Ireland,"39,150",Stadion Energa Gdańsk,Pedro Proença,Match Report,
2,Fri,2012-06-15,19:00 ,Ukraine ua,0–2,fr France,"48,000",Donbass Arena,Björn Kuipers,Match Report,
2,Fri,2012-06-15,22:00 ,Sweden se,2–3,eng England,"64,640",Donbass Arena,Damir Skomina,Match Report,
,,,,,,,,,,,
3,Sat,2012-06-16,20:45 ,Czechia cz,1–0,pl Poland,"41,480",Stadion Miejski,Craig Thomson,Match Report,
3,Sat,2012-06-16,20:45 ,Greece gr,1–0,ru Russia,"55,614",Stadion Narodowy,Jonas Eriksson,Match Report,
3,Sun,2012-06-17,21:45 ,Denmark dk,1–2,de Germany,"32,990",L'viv Arena,Carlos Velasco,Match Report,
3,Sun,2012-06-17,21:45 ,Portugal pt,2–1,nl Netherlands,"37,445",Oblasny SportKomplex Metalist,Nicola Rizzoli,Match Report,
3,Mon,2012-06-18,20:45 ,Italy it,2–0,ie Rep. of Ireland,"38,794",INEA stadion,Cüneyt Çakιr,Match Report,
3,Mon,2012-06-18,20:45 ,Croatia hr,0–1,es Spain,"39,076",Stadion Energa Gdańsk,Wolfgang Stark,Match Report,
3,Tue,2012-06-19,21:45 ,Sweden se,2–0,fr France,"63,010",NSK Olimpijs'kyj,Pedro Proença,Match Report,
3,Tue,2012-06-19,21:45 ,England eng,1–0,ua Ukraine,"48,700",Donbass Arena,Viktor Kassai,Match Report,
,,,,,,,,,,,
,Thu,2012-06-21,20:45 ,Czechia cz,0–1,pt Portugal,"55,590",Stadion Narodowy,Howard Webb,Match Report,
,Fri,2012-06-22,20:45 ,Germany de,4–2,gr Greece,"38,751",Stadion Energa Gdańsk,Damir Skomina,Match Report,
,Sat,2012-06-23,21:45 ,Spain es,2–0,fr France,"47,000",Donbass Arena,Nicola Rizzoli,Match Report,
,Sun,2012-06-24,21:45 ,England eng,(2) 0–0 (4),it Italy,"64,340",NSK Olimpijs'kyj,Pedro Proença,Match Report,Italy won on penalty kicks following extra time
,Wed,2012-06-27,21:45 ,Portugal pt,(2) 0–0 (4),es Spain,"48,000",Donbass Arena,Cüneyt Çakιr,Match Report,Spain won on penalty kicks following extra time
,Thu,2012-06-28,20:45 ,Germany de,1–2,it Italy,"55,540",Stadion Narodowy,Stéphane Lannoy,Match Report,
,Sun,2012-07-01,21:45 ,Spain es,4–0,it Italy,"63,170",NSK Olimpijs'kyj,Pedro Proença,Match Report,
1,Sat,2008-06-07,18:00 ,Switzerland ch,0–1,cz Czechia,"39,730",St. Jakob-Park,Roberto Rosetti,Match Report,
1,Sat,2008-06-07,20:45 ,Portugal pt,2–0,tr Türkiye,"29,106",Stade de Genève,Herbert Fandel,Match Report,
1,Sun,2008-06-08,18:00 ,Austria at,0–1,hr Croatia,"51,428",Ernst-Happel-Stadion,Pieter Vink,Match Report,
1,Sun,2008-06-08,20:45 ,Germany de,2–0,pl Poland,"30,000",Wörthersee Stadion,Tom Henning Øvrebø,Match Report,
1,Mon,2008-06-09,18:00 ,Romania ro,0–0,fr France,"30,585",Stadion Letzigrund,Manuel Mejuto,Match Report,
1,Mon,2008-06-09,20:45 ,Netherlands nl,3–0,it Italy,"30,777",Stade de Suisse Wankdorf Bern,Peter Frojdfeldt,Match Report,
1,Tue,2008-06-10,18:00 ,Spain es,4–1,ru Russia,"30,772",Tivoli Stadion Tirol,Konrad Plautz,Match Report,
1,Tue,2008-06-10,20:45 ,Greece gr,0–2,se Sweden,"31,063",Red Bull Arena,Massimo Busacca,Match Report,
,,,,,,,,,,,
2,Wed,2008-06-11,18:00 ,Czechia cz,1–3,pt Portugal,"29,016",Stade de Genève,Kyros Vassaras,Match Report,
2,Wed,2008-06-11,20:45 ,Switzerland ch,1–2,tr Türkiye,"39,730",St. Jakob-Park,Ľuboš Micheľ,Match Report,
2,Thu,2008-06-12,18:00 ,Croatia hr,2–1,de Germany,"30,461",Wörthersee Stadion,Frank De Bleeckere,Match Report,
2,Thu,2008-06-12,20:45 ,Austria at,1–1,pl Poland,"51,428",Ernst-Happel-Stadion,Howard Webb,Match Report,
2,Fri,2008-06-13,18:00 ,Italy it,1–1,ro Romania,"30,585",Stadion Letzigrund,Tom Henning Øvrebø,Match Report,
2,Fri,2008-06-13,20:45 ,Netherlands nl,4–1,fr France,"30,777",Stade de Suisse Wankdorf Bern,Herbert Fandel,Match Report,
2,Sat,2008-06-14,18:00 ,Sweden se,1–2,es Spain,"30,772",Tivoli Stadion Tirol,Pieter Vink,Match Report,
2,Sat,2008-06-14,20:45 ,Greece gr,0–1,ru Russia,"31,063",Red Bull Arena,Roberto Rosetti,Match Report,
,,,,,,,,,,,
3,Sun,2008-06-15,20:45 ,Switzerland ch,2–0,pt Portugal,"39,730",St. Jakob-Park,Konrad Plautz,Match Report,
3,Sun,2008-06-15,20:45 ,Türkiye tr,3–2,cz Czechia,"29,016",Stade de Genève,Peter Frojdfeldt,Match Report,
3,Mon,2008-06-16,20:45 ,Austria at,0–1,de Germany,"51,428",Ernst-Happel-Stadion,Manuel Mejuto,Match Report,
3,Mon,2008-06-16,20:45 ,Poland pl,0–1,hr Croatia,"30,461",Wörthersee Stadion,Kyros Vassaras,Match Report,
3,Tue,2008-06-17,20:45 ,France fr,0–2,it Italy,"30,585",Stadion Letzigrund,Ľuboš Micheľ,Match Report,
3,Tue,2008-06-17,20:45 ,Netherlands nl,2–0,ro Romania,"30,777",Stade de Suisse Wankdorf Bern,Massimo Busacca,Match Report,
3,Wed,2008-06-18,20:45 ,Russia ru,2–0,se Sweden,"30,772",Tivoli Stadion Tirol,Frank De Bleeckere,Match Report,
3,Wed,2008-06-18,20:45 ,Greece gr,1–2,es Spain,"30,883",Red Bull Arena,Howard Webb,Match Report,
,,,,,,,,,,,
,Thu,2008-06-19,20:45 ,Portugal pt,2–3,de Germany,"39,374",St. Jakob-Park,Peter Frojdfeldt,Match Report,
,Fri,2008-06-20,20:45 ,Croatia hr,(1) 1–1 (3),tr Türkiye,"51,428",Ernst-Happel-Stadion,Roberto Rosetti,Match Report,Türkiye won on penalty kicks following extra time
,Sat,2008-06-21,20:45 ,Netherlands nl,1–3,ru Russia,"38,374",St. Jakob-Park,Ľuboš Micheľ,Match Report,Required Extra Time
,Sun,2008-06-22,20:45 ,Spain es,(4) 0–0 (2),it Italy,"51,178",Ernst-Happel-Stadion,Herbert Fandel,Match Report,Spain won on penalty kicks following extra time
,Wed,2008-06-25,20:45 ,Germany de,3–2,tr Türkiye,"39,374",St. Jakob-Park,Massimo Busacca,Match Report,
,Thu,2008-06-26,20:45 ,Russia ru,0–3,es Spain,"51,428",Ernst-Happel-Stadion,Frank De Bleeckere,Match Report,
,Sun,2008-06-29,20:45 ,Germany de,0–1,es Spain,"51,428",Ernst-Happel-Stadion,Roberto Rosetti,Match Report,
1,Sat,2004-06-12,17:00 ,Portugal pt,1–2,gr Greece,"48,761",Estádio Do Dragão,Pierluigi Collina,Match Report,
1,Sat,2004-06-12,19:45 ,Spain es,1–0,ru Russia,"28,182",Estádio Do Algarve,Urs Meier,Match Report,
1,Sun,2004-06-13,17:00 ,Switzerland ch,0–0,hr Croatia,"24,090",Estádio Dr. Magalhães Pessoa,Lucílio Cardoso Cortez Batista,Match Report,
1,Sun,2004-06-13,19:45 ,France fr,2–1,eng England,"62,487",Estádio do Sport Lisboa e Benfica,Markus Merk,Match Report,
1,Mon,2004-06-14,17:00 ,Denmark dk,0–0,it Italy,"19,595",Estádio Dom Afonso Henriques,Manuel Mejuto,Match Report,
1,Mon,2004-06-14,19:45 ,Sweden se,5–0,bg Bulgaria,"31,652",Estádio José Alvalade,Michael Riley,Match Report,
1,Tue,2004-06-15,17:00 ,Czechia cz,2–1,lv Latvia,"21,744",Estádio Municipal de Aveiro,Gilles Veissière,Match Report,
1,Tue,2004-06-15,19:45 ,Germany de,1–1,nl Netherlands,"48,197",Estádio Do Dragão,Anders Frisk,Match Report,
,,,,,,,,,,,
2,Wed,2004-06-16,17:00 ,Greece gr,1–1,es Spain,"25,444",Estádio do Bessa Século XXI,Ľuboš Micheľ,Match Report,
2,Wed,2004-06-16,19:45 ,Russia ru,0–2,pt Portugal,"59,273",Estádio do Sport Lisboa e Benfica,Terje Hauge,Match Report,
2,Thu,2004-06-17,17:00 ,England eng,3–0,ch Switzerland,"28,214",Estádio EFAPEL,Valentin Ivanov,Match Report,
2,Thu,2004-06-17,19:45 ,Croatia hr,2–2,fr France,"29,160",Estádio Dr. Magalhães Pessoa,Kim Milton Nielsen,Match Report,
2,Fri,2004-06-18,17:00 ,Bulgaria bg,0–2,dk Denmark,"24,131",Estádio Municipal de Braga,Lucílio Cardoso Cortez Batista,Match Report,
2,Fri,2004-06-18,19:45 ,Italy it,1–1,se Sweden,"44,926",Estádio Do Dragão,Urs Meier,Match Report,
2,Sat,2004-06-19,17:00 ,Latvia lv,0–0,de Germany,"22,344",Estádio do Bessa Século XXI,Michael Riley,Match Report,
2,Sat,2004-06-19,19:45 ,Netherlands nl,2–3,cz Czechia,"29,935",Estádio Municipal de Aveiro,Manuel Mejuto,Match Report,
,,,,,,,,,,,
3,Sun,2004-06-20,19:45 ,Spain es,0–1,pt Portugal,"47,491",Estádio José Alvalade,Anders Frisk,Match Report,
3,Sun,2004-06-20,19:45 ,Russia ru,2–1,gr Greece,"24,347",Estádio Do Algarve,Gilles Veissière,Match Report,
3,Mon,2004-06-21,19:45 ,Switzerland ch,1–3,fr France,"28,111",Estádio EFAPEL,Ľuboš Micheľ,Match Report,
3,Mon,2004-06-21,19:45 ,Croatia hr,2–4,eng England,"57,047",Estádio do Sport Lisboa e Benfica,Pierluigi Collina,Match Report,
3,Tue,2004-06-22,19:45 ,Italy it,2–1,bg Bulgaria,"16,002",Estádio Dom Afonso Henriques,Valentin Ivanov,Match Report,
3,Tue,2004-06-22,19:45 ,Denmark dk,2–2,se Sweden,"26,115",Estádio do Bessa Século XXI,Markus Merk,Match Report,
3,Wed,2004-06-23,19:45 ,Germany de,1–2,cz Czechia,"46,849",Estádio José Alvalade,Terje Hauge,Match Report,
3,Wed,2004-06-23,19:45 ,Netherlands nl,3–0,lv Latvia,"27,904",Estádio Municipal de Braga,Kim Milton Nielsen,Match Report,
,,,,,,,,,,,
,Thu,2004-06-24,19:45 ,Portugal pt,(6) 2–2 (5),eng England,"62,564",Estádio do Sport Lisboa e Benfica,Urs Meier,Match Report,Portugal won on penalty kicks following extra time
,Fri,2004-06-25,19:45 ,France fr,0–1,gr Greece,"45,390",Estádio José Alvalade,Anders Frisk,Match Report,
,Sat,2004-06-26,19:45 ,Sweden se,(4) 0–0 (5),nl Netherlands,"27,762",Estádio Do Algarve,Ľuboš Micheľ,Match Report,Netherlands won on penalty kicks following extra time
,Sun,2004-06-27,19:45 ,Czechia cz,3–0,dk Denmark,"41,092",Estádio Do Dragão,Valentin Ivanov,Match Report,
,Wed,2004-06-30,19:45 ,Portugal pt,2–1,nl Netherlands,"46,679",Estádio José Alvalade,Anders Frisk,Match Report,
,Thu,2004-07-01,19:45 ,Greece gr,1–0,cz Czechia,"42,449",Estádio Do Dragão,Pierluigi Collina,Match Report,Required Extra Time
,Sun,2004-07-04,19:45 ,Portugal pt,0–1,gr Greece,"62,865",Estádio do Sport Lisboa e Benfica,Markus Merk,Match Report,
